Nazwa,Kod katalogowy,Cena
ITECH M1 60 NM ST W,TM-IT.M1STN660W,"277,00 zł"
ITECH M1 60 NM ST B,TM-IT.M1STN660B,"277,00 zł"
ITECH M1 60 NM AT W,TM-IT.M1ATN660W,"297,00 zł"
ITECH M1 60 NM AT B,TM-IT.M1ATN660B,"297,00 zł"
ITECH M2 302 M ST W,TM-IT.M2STM360W,"277,00 zł"
ITECH M2 302 M ST B,TM-IT.M2STM360B,"277,00 zł"
ITECH M2 302 M AT W,TM-IT.M2ATM360W,"324,00 zł"
ITECH M2 302 M AT B,TM-IT.M2ATM360B,"324,00 zł"
ONTEC R M1 60 NM ST W,TM-OR.M1STN600W,"260,00 zł"
ONTEC R M1 60 NM ST B,TM-OR.M1STN600B,"260,00 zł"
ONTEC R M1 60 NM AT W,TM-OR.M1ATN600W,"279,00 zł"
ONTEC R M1 60 NM AT B,TM-OR.M1ATN600B,"279,00 zł"
ONTEC R M2 302 M ST W,TM-OR.M2STM300W,"287,00 zł"
ONTEC R M2 302 M ST B,TM-OR.M2STM300B,"287,00 zł"
ONTEC R M2 302 M AT W,TM-OR.M2ATM300W,"345,00 zł"
ONTEC R M2 302 M AT B,TM-OR.M2ATM300B,"345,00 zł"
ONTEC S30 M1X 60/180 M/NM ST W IP65,TM-S3.MXSTX060W,"278,00 zł"
ONTEC S30 M1X 60/180 M/NM AT W IP65,TM-S3.MXATX060W,"323,00 zł"
ONTEC S M1 180 M ST W,TM-OS.M1STM860W,"188,00 zł"
ONTEC S M1 180 M AT W,TM-OS.M1ATM860W,"228,00 zł"
ONTEC S M2 302 M ST W,TM-OS.M2STM360W,"233,00 zł"
ONTEC S M2 302 M AT W,TM-OS.M2ATM360W,"295,00 zł"
ONTEC S M2 102 M AT W COLD,TM-OS.M2ATM16CW,"315,00 zł"
ONTEC S20 M1U 60 NM ST W IP65,TM-S2.MUSTN160W,"145,00 zł"
ONTEC S20 M1X 60/180 M/NM ST W IP65,TM-S2.MXSTX060W,"167,00 zł"
ONTEC S20 M1X 60/180 M/NM AT W IP65,TM-S2.MXATX060W,"268,00 zł"
ONTEC S20 M2 180 M ST W IP65,TM-S2.M2STM360W,"222,00 zł"
ONTEC S20 M2 180 M AT W IP65,TM-S2.M2ATM360W,"287,00 zł"
ONTEC G E1E 301 M ST W,TM-OG.EESTM300W,"265,00 zł"
ONTEC G E1E 301 M ST B,TM-OG.EESTM300B,"265,00 zł"
ONTEC G E1E 180 M ST W,TM-OG.EESTM800W,"265,00 zł"
ONTEC G E1E 180 M ST B,TM-OG.EESTM800B,"265,00 zł"
ONTEC G E1E 180 NM ST W,TM-OG.EESTN800W,"265,00 zł"
ONTEC G E1E 180 NM ST B,TM-OG.EESTN800B,"265,00 zł"
ONTEC G E1E 180 M AT W,TM-OG.EEATM800W,"327,00 zł"
ONTEC G E1E 180 M AT B,TM-OG.EEATM800B,"327,00 zł"
ONTEC G E1E 180 NM AT W,TM-OG.EEATN800W,"327,00 zł"
ONTEC G E1E 180 NM AT B,TM-OG.EEATN800B,"327,00 zł"
ONTEC D M1 60 NM ST W,TM-OD.M1STN600W,"260,00 zł"
ONTEC D M1 60 NM ST B,TM-OD.M1STN600B,"260,00 zł"
ONTEC D M1 60 NM AT W,TM-OD.M1ATN600W,"301,00 zł"
ONTEC D M1 60 NM AT B,TM-OD.M1ATN600B,"301,00 zł"
ONTEC D M1 180 NM ST W,TM-OD.M1STN800W,"260,00 zł"
ONTEC D M1 180 NM ST B,TM-OD.M1STN800B,"260,00 zł"
ONTEC D M1 180 NM AT W,TM-OD.M1ATN800W,"301,00 zł"
ONTEC D M1 180 NM AT B,TM-OD.M1ATN800B,"301,00 zł"
ONTEC C M1 60 NM ST W,TM-OC.M1STN600W,"260,00 zł"
ONTEC C M1 60 NM ST B,TM-OC.M1STN600B,"260,00 zł"
ONTEC C M1 60 NM AT W,TM-OC.M1ATN600W,"301,00 zł"
ONTEC C M1 60 NM AT B,TM-OC.M1ATN600B,"301,00 zł"
ONTEC C M1 180 NM ST W,TM-OC.M1STN800W,"260,00 zł"
ONTEC C M1 180 NM ST B,TM-OC.M1STN800B,"260,00 zł"
ONTEC C M1 180 NM AT W,TM-OC.M1ATN800W,"301,00 zł"
ONTEC C M1 180 NM AT B,TM-OC.M1ATN800B,"301,00 zł"

